0	1.975
1	2.286
2	2.298
3	2.324
4	2.535
5	3.058
6	3.135
7	3.522
8	3.478
9	3.413
10	4.311
11	4.494
12	4.760
13	4.289
14	4.632
15	3.702
16	4.536
17	5.631
18	3.846
19	3.716
20	3.895
21	3.897
22	4.678
23	4.944
24	4.188
25	5.049
26	5.019
27	4.051
28	4.303
29	5.158
30	5.644
31	5.253
32	5.599
33	5.900
34	7.030
35	6.186
36	5.893
37	5.983
38	6.171
39	5.305
40	4.749
41	5.448
42	5.769
43	6.158
44	6.109
45	6.669
46	6.538
47	7.381
48	5.167
49	5.479
50	5.718
51	5.488
52	4.788
53	4.495
54	5.099
55	5.389
56	4.569
57	5.042
58	5.840
59	6.369
60	8.564
61	7.596
62	8.167
63	8.250
64	7.949
65	9.122
66	11.178
67	11.657
68	10.821
69	9.832
70	9.797
71	9.596
72	9.312
73	9.429
74	10.668
75	10.490
76	10.486
77	10.382
78	11.382
79	11.473
80	10.723
81	12.268
82	13.241
83	13.356
84	12.107
85	11.958
86	11.603
87	11.914
88	12.476
89	12.248
90	13.815
91	14.246
92	15.008
93	14.588
94	14.697
95	14.962
96	15.236
97	15.307
98	14.962
99	14.824
100	14.959
101	15.933
102	16.121
103	16.171
104	15.914
105	15.948
106	16.220
107	16.207
108	16.508
109	16.501
110	16.394
111	16.807
112	17.107
113	17.489
114	17.267
115	17.222
116	17.351
117	17.560
118	17.568
119	17.438
120	17.988
121	18.357
122	18.164
123	17.908
124	17.892
125	17.672
126	18.073
127	17.718
128	17.881
129	17.960
130	17.782
131	17.943
132	17.903
133	17.980
134	17.739
135	18.044
136	17.466
137	17.220
138	17.822
139	18.003
140	17.951
141	17.511
142	17.512
143	17.640
144	17.842
145	17.365
146	17.646
147	17.444
148	17.364
149	16.871
150	17.632
151	17.459
152	17.335
153	17.283
154	17.683
155	16.903
156	18.016
157	17.399
158	17.428
159	17.252
160	17.240
161	17.375
162	17.124
163	17.286
164	17.383
165	17.132
166	17.060
167	17.339
168	17.703
169	17.741
170	17.769
171	17.694
172	17.401
173	17.532
174	17.693
175	17.579
176	17.338
177	17.484
178	17.525
179	17.583
180	17.491
181	17.404
182	17.427
183	17.435
184	17.376
185	17.423
186	17.269
187	17.082
188	17.202
189	17.226
190	17.463
191	17.349
192	17.279
193	17.068
194	17.106
195	17.257
196	17.159
197	17.265
198	17.531
199	17.471
200	17.592
201	17.519
202	17.566
203	17.505
204	17.486
205	16.944
206	17.048
207	16.934
208	16.849
209	16.988
210	16.943
211	17.064
212	17.149
213	17.092
214	17.132
215	17.072
216	17.120
217	16.924
218	17.098
219	16.931
220	16.861
221	17.238
222	17.041
223	16.971
224	17.271
225	17.363
226	17.185
227	16.722
228	17.127
229	16.738
230	16.922
231	16.989
232	16.978
233	16.902
234	16.943
235	16.912
236	16.700
237	16.947
238	16.938
239	16.968
240	16.905
241	16.912
242	17.009
243	16.736
244	17.022
245	16.974
246	16.864
247	16.592
248	16.792
249	16.864
250	16.894
251	16.756
252	16.969
253	16.899
254	16.932
255	16.678
256	17.079
257	17.008
258	16.986
259	16.931
260	16.714
261	16.825
262	16.766
263	17.002
264	17.183
265	17.085
266	17.208
267	17.271
268	17.219
269	16.940
270	17.027
271	17.119
272	17.061
273	17.161
274	16.916
275	17.089
276	17.325
277	16.953
278	16.647
279	16.881
280	16.930
281	16.977
282	16.743
283	16.693
284	16.739
285	17.291
286	16.939
287	17.456
288	17.166
289	17.358
290	17.124
291	17.106
292	17.227
293	17.249
294	17.375
295	17.370
296	17.428
297	17.410
298	17.266
299	17.274
300	17.429
301	17.309
302	17.488
303	17.722
304	17.086
305	17.580
306	17.348
307	17.227
308	17.273
309	17.137
310	17.188
311	17.342
312	17.110
313	17.276
314	17.203
315	17.233
316	17.380
317	17.154
318	17.253
319	17.157
320	17.176
321	17.181
322	17.096
323	17.000
324	16.997
325	17.152
326	17.032
327	16.977
328	17.012
329	17.275
330	17.213
331	17.225
332	17.109
333	17.000
334	17.111
335	17.238
336	16.936
337	16.763
338	16.795
339	16.788
340	16.658
341	16.736
342	16.951
343	16.949
344	17.150
345	17.013
346	16.940
347	17.088
348	17.016
349	17.047
350	16.847
351	17.016
352	17.090
353	17.075
354	17.302
355	17.269
356	17.118
357	16.699
358	16.867
359	17.008
360	17.073
361	17.202
362	17.002
363	17.051
364	17.153
365	17.260
366	17.247
367	17.153
368	17.233
369	17.191
370	17.440
371	17.515
372	17.272
373	17.475
374	17.632
375	17.574
376	17.618
377	17.328
378	17.400
379	17.316
380	17.656
381	17.377
382	17.527
383	17.650
384	17.550
385	17.878
386	17.830
387	17.978
388	17.748
389	17.989
390	17.754
391	17.900
392	17.574
393	17.590
394	17.661
395	17.638
396	17.422
397	17.455
398	17.402
399	17.432
400	17.342
401	17.343
402	17.527
403	17.556
404	17.401
405	17.455
406	17.405
407	17.576
408	17.834
409	16.886
410	17.440
411	17.345
412	17.446
413	17.631
414	18.078
415	17.796
416	17.819
417	17.505
418	17.427
419	17.204
420	17.480
421	17.526
422	17.615
423	17.712
424	17.605
425	17.671
426	17.731
427	17.581
428	17.569
429	17.306
430	17.326
431	17.511
432	17.251
433	17.203
434	17.457
435	17.531
436	17.461
437	17.538
438	17.724
439	17.655
440	17.719
441	17.421
442	17.546
443	17.590
444	17.322
445	17.233
446	17.521
447	17.608
448	17.541
449	17.576
450	17.457
451	17.571
452	17.417
453	17.344
454	17.425
455	17.453
456	17.507
457	17.467
458	17.522
459	17.483
460	17.569
461	17.555
462	17.337
463	17.509
464	17.629
465	17.621
466	17.281
467	17.281
468	17.329
469	17.386
470	17.541
471	17.437
472	17.600
473	17.445
474	17.391
475	17.678
476	17.958
477	17.730
478	17.920
479	17.843
480	17.796
481	17.633
482	17.873
483	17.816
484	17.531
485	17.555
486	17.509
487	17.672
488	17.802
489	17.805
490	17.841
491	17.704
492	17.945
493	17.826
494	17.798
495	17.633
496	17.832
497	17.541
498	17.474
499	17.406
500	17.358
501	17.473
502	17.349
503	17.420
504	17.277
505	17.333
506	17.318
507	17.525
508	17.262
509	17.293
510	17.312
511	17.475
512	17.654
513	17.359
514	17.497
515	17.355
516	17.496
517	17.393
518	17.556
519	17.407
520	17.347
521	17.182
522	17.307
523	17.108
524	17.361
525	17.220
526	17.018
527	17.273
528	17.368
529	17.450
530	17.335
531	17.606
532	17.513
533	17.902
534	17.992
535	18.140
536	18.105
537	18.180
538	18.020
539	18.182
540	17.655
541	17.614
542	17.513
543	17.515
544	17.529
545	17.575
546	17.706
547	17.398
548	17.437
549	17.550
550	17.569
551	17.470
552	17.625
553	17.366
554	17.430
555	17.287
556	17.296
557	17.352
558	17.190
559	17.240
560	17.243
561	17.386
562	17.263
563	17.423
564	17.252
565	17.493
566	17.608
567	17.418
568	17.339
569	17.361
570	17.490
571	17.555
572	17.691
573	17.538
574	17.611
575	17.427
576	17.568
577	17.650
578	17.899
579	17.864
580	17.749
581	17.944
582	17.727
583	17.755
584	17.857
585	18.061
586	17.932
587	18.150
588	18.065
589	18.155
590	18.120
591	18.208
592	18.030
593	18.032
594	17.920
595	17.984
596	18.083
597	17.950
598	17.977
599	17.847
600	17.904
601	17.891
602	18.010
603	17.997
604	17.943
605	17.616
606	17.646
607	17.777
608	17.724
609	17.579
610	17.317
611	17.466
612	17.409
613	17.581
614	17.489
615	17.549
616	17.554
617	17.443
618	17.441
619	17.583
620	17.388
621	17.633
622	17.347
623	17.640
624	17.767
625	17.777
626	17.511
627	17.414
628	17.448
629	17.697
630	17.549
631	17.765
632	17.660
633	17.719
634	17.677
635	17.578
636	17.522
637	17.684
638	17.451
639	17.562
640	17.533
641	17.625
642	17.572
643	17.736
644	17.653
645	17.609
646	17.766
647	18.037
648	17.828
649	17.770
650	17.675
651	17.716
652	17.723
653	17.684
654	17.695
655	17.548
656	17.766
657	17.599
658	17.554
659	17.602
660	17.609
661	17.510
662	17.535
663	17.780
664	17.650
665	17.630
666	17.458
667	17.559
668	17.589
669	17.743
670	17.557
671	17.527
672	17.679
673	17.465
674	17.542
675	17.525
676	17.774
677	17.891
678	17.941
679	17.963
680	17.836
681	17.569
682	17.552
683	17.714
684	17.612
685	17.527
686	17.673
687	17.430
688	17.585
689	17.567
690	17.489
691	17.776
692	17.567
693	17.590
694	17.586
695	17.503
696	17.627
697	17.710
698	17.914
699	17.826
700	17.808
701	17.814
702	18.011
703	18.246
704	18.133
705	18.217
706	18.226
707	18.377
708	18.392
709	18.226
710	18.402
711	18.143
712	18.296
713	18.221
714	18.337
715	18.147
716	17.772
717	17.984
718	17.962
719	18.001
720	18.075
721	18.102
722	18.060
723	18.107
724	17.838
725	18.002
726	17.934
727	18.024
728	18.106
729	18.281
730	17.923
731	17.600
732	17.844
733	17.751
734	17.671
735	17.759
736	17.667
737	17.736
738	17.491
739	17.661
740	17.857
741	17.983
742	17.971
743	18.006
744	18.105
745	17.728
746	18.127
747	18.420
748	18.316
749	18.328
750	18.121
751	17.854
752	18.115
753	17.991
754	18.157
755	18.418
756	18.295
757	18.212
758	18.088
759	17.945
760	17.983
761	17.897
762	17.689
763	17.817
764	17.930
765	18.007
766	17.832
767	17.745
768	17.990
769	17.903
770	17.800
771	17.969
772	18.375
773	18.219
774	18.033
775	18.169
776	18.063
777	17.800
778	17.811
779	17.726
780	17.863
781	17.823
782	17.949
783	17.934
784	17.939
785	17.580
786	17.571
787	17.898
788	17.900
789	18.095
790	18.095
791	17.812
792	17.897
793	17.923
794	17.811
795	17.881
796	17.815
797	17.711
798	17.887
799	17.934
800	17.751
801	17.751
802	18.076
803	17.864
804	17.701
805	17.743
806	17.673
807	17.856
808	17.499
809	17.884
810	17.722
811	17.531
812	17.842
813	17.864
814	17.762
815	18.147
816	18.210
817	18.317
818	18.439
819	18.353
820	18.454
821	18.228
822	18.196
823	18.125
824	18.425
825	18.585
826	18.699
827	18.319
828	18.383
829	18.224
830	18.265
831	18.353
832	18.204
833	18.289
834	18.219
835	18.232
836	18.422
837	17.710
838	17.817
839	17.744
840	17.739
841	17.874
842	18.009
843	18.100
844	18.063
845	17.996
846	17.918
847	18.114
848	18.131
849	18.131
850	18.065
851	17.969
852	18.047
853	17.988
854	18.039
855	17.998
856	18.013
857	18.182
858	18.047
859	18.046
860	17.902
861	18.054
862	18.088
863	18.286
864	18.320
865	18.440
866	18.433
867	18.591
868	18.367
869	18.422
870	18.429
871	18.494
872	18.535
873	18.649
874	18.580
875	18.354
876	18.278
877	18.498
878	18.813
879	18.741
880	18.809
881	18.596
882	18.628
883	18.576
884	18.676
885	18.699
886	18.709
887	18.454
888	18.570
889	18.525
890	18.371
891	18.122
892	18.091
893	18.251
894	18.202
895	18.195
896	18.347
897	18.154
898	18.139
899	18.108
900	18.220
901	18.325
902	18.196
903	18.289
904	18.172
905	18.016
906	18.145
907	18.310
908	18.046
909	18.011
910	18.032
911	18.158
912	18.028
913	18.134
914	18.139
915	18.129
916	18.021
917	18.119
918	18.240
919	18.372
920	18.645
921	18.420
922	18.567
923	18.139
924	18.013
925	18.190
926	18.614
927	18.519
928	18.704
929	18.641
930	18.716
931	18.893
932	18.811
933	18.016
934	18.624
935	18.623
936	18.725
937	18.882
938	19.042
939	18.865
940	18.890
941	19.083
942	18.986
943	19.007
944	18.605
945	18.776
946	18.744
947	18.688
948	18.691
949	18.585
950	18.730
951	18.915
952	18.934
953	18.790
954	18.743
955	18.870
956	18.773
957	18.774
958	18.605
959	18.650
960	18.721
961	18.994
962	19.029
963	18.822
964	19.044
965	19.279
966	19.239
967	19.301
968	19.072
969	19.352
970	19.499
971	19.554
972	19.424
973	19.673
974	19.489
975	19.327
976	19.465
977	19.418
978	19.499
979	19.372
980	19.618
981	19.435
982	19.312
983	19.444
984	19.598
985	19.505
986	19.563
987	19.555
988	19.606
989	19.530
990	19.519
991	19.488
992	19.674
993	19.534
994	19.361
995	19.467
996	19.366
997	19.301
998	19.391
999	19.461
